related,headline,image,source,summary,url
VOO,2024 ETF Inflows Reach New Record High,,Yahoo,U.S.-listed ETF inflows surpassed $900 billion this week.,https://finnhub.io/api/news?id=a7684d6d09d538886010917b130a4f688d4fd2256caa4580bdbe8b6ea43974f8
VOO,Global ETF Assets Dip in October Despite Record Inflows,,Yahoo,"The ETF industry gathered $1.45 trillion in the first 10 months of 2024, surpassing the previous annual record.",https://finnhub.io/api/news?id=7f5032da29a333ca55b6a4bb7be4c31b24e84f585dfbfd9d749a991c24e60d85
VOO,S&P 500: Neither Trump Nor The Fed Can Fix Inflation,https://static.seekingalpha.com/cdn/s3/uploads/getty_images/2159126735/image_2159126735.jpg?io=getty-c-w1536,SeekingAlpha,Prepare for higher inflation and market volatility with trades like SPY puts. Click here to read my analysis post-election.,https://finnhub.io/api/news?id=e743a0c5d57d13ce414537d1a924fe861891799920b407fcac8c343b2ede5590
VOO,Vicor: The 'Growth Stock' That Isn't,https://static.seekingalpha.com/cdn/s3/uploads/getty_images/106519982/image_106519982.jpg?io=getty-c-w1536,SeekingAlpha,"Despite a strong balance sheet, Vicor's refusal to provide quarterly guidance raises doubts about its bullish outlook. Read why VICR stock is a Strong Sell.",https://finnhub.io/api/news?id=6e8ca271ca1f2af9f248f23041484250c797820473a3d339ebf81f057d3826cd
VOO,ETF Inflows on Cusp of Annual Record,,Yahoo,2024 inflows could surpass $900 billion as soon as this week.,https://finnhub.io/api/news?id=aeaf0beb9cffeafaf26f65462a520c9ffcedc77219f5e5ff5ebf58cf5327ddcf
VOO,The First Annual ETF Report: Global Investor Survey,,Yahoo,"etf.com releases its first annual Global Investor Survey which gauges market sentiment, and investor attitudes towards ETFs across a range of wrappers and asset classes.",https://finnhub.io/api/news?id=f8a57ae1a5c9150bc11ab0f38a44aacf3166bd9864268b45b2cbf9d43b47ba90
VOO,Expect More ETF Investment in Next 6 Months: etf.com Survey,,Yahoo,"Both investors and financial advisors intend to add more ETFs to their portfolios, the latest etf.com Global Investor Survey found.",https://finnhub.io/api/news?id=377983db6ceb59b5a4ac850b39d1745a6a31070e6c016cef5e32bcbfb29df1fc
VOO,VOO: Time In The Market Is More Important Than Timing The Market,https://static.seekingalpha.com/cdn/s3/uploads/getty_images/1441292448/image_1441292448.jpg?io=getty-c-w1536,SeekingAlpha,"The S&P 500, particularly through the Vanguard S&P 500 ETF, remains a strong long-term investment. Check out why I'm very bullish for the market heading forward.",https://finnhub.io/api/news?id=002a1c70ee9570a300eecd28c46e11676228932069ddeed78aa7a5973e3e3af7
VOO,"VOO: S&P 500 Hits 22x Earnings, Bullish Election Seasonality Pulled Forward",https://static.seekingalpha.com/cdn/s3/uploads/getty_images/668600179/image_668600179.jpg?io=getty-c-w1536,SeekingAlpha,"Financial writer analyzes S&P 500 post-election surge, warns of caution due to high valuation and risks like mass deportations and tariffs. Read more here.",https://finnhub.io/api/news?id=4235d5f640a9d86306f9fff317f7a57be8566a55614545b9b9899e382375943a
VOO,It Pays To Be A Bull,https://static.seekingalpha.com/cdn/s3/uploads/getty_images/88621528/image_88621528.jpg?io=getty-c-w1536,SeekingAlpha,Gary Vaughan from Daily Stock Picks on recent tech earnings and why setting your risk tolerance as investor is important.,https://finnhub.io/api/news?id=8c47e456aeb035eabfa9b95b7bae1bafdb5e747a2826d67f7ea0bea8909afa5c
VOO,4 Economic Themes Shaping The Next 12 Months,https://cf-images.us-east-1.prod.boltdns.net/v1/static/3895904614001/27a20cc9-bd0d-4c88-9ad6-74ce1d85dfcb/d896c835-2710-4543-a78a-67852c6b7017/1280x720/match/image.jpg,SeekingAlpha,"Global economies are normalizing and central banks are cutting rates, we identified four themes investors should focus on as we head into 2025.",https://finnhub.io/api/news?id=56811bbc6a41bf51a4572423a9b0a7aadc32ce104a127fbba1eaf089a68023f3
VOO,S&P 500 Snapshot: Record-Smashing Week,https://static.seekingalpha.com/cdn/s3/uploads/getty_images/518680468/image_518680468.jpg?io=getty-c-w1536,SeekingAlpha,"The S&P 500 finished the week ending November 8 with strong gains, up 4.66% from last Friday.",https://finnhub.io/api/news?id=31d8a12d4392ca0ea74571a6a91dd5bcd42886f572886b0d27f55095211121df
VOO,HYG Inflows Join the Post-Election Rally,,Yahoo,The BlackRock high-yield bond ETF generated the second most one-day inflows among ETFs.,https://finnhub.io/api/news?id=b4d06ee935c06101fbbe4c38b9f07033901c38e4ff5b0dcb3c32cb428a30c9a7
VOO,AAII Sentiment Survey: Bearish Sentiment Plummets,https://static.seekingalpha.com/cdn/s3/uploads/getty_images/1379132011/image_1379132011.jpg?io=getty-c-w1536,SeekingAlpha,"Market sentiment improves as bullish sentiment rises to 41.5%, neutral sentiment holds steady, and bearish sentiment decreases to 27.6%. Click here to read.",https://finnhub.io/api/news?id=8059d214df5ac04d0e7728f618bbf6dd9ad94183345fe6a3becdeef7fcabe282
VOO,Stock Pickers Better Know When They're Going To Sell,https://static.seekingalpha.com/cdn/s3/uploads/getty_images/1824400059/image_1824400059.jpg?io=getty-c-w1536,SeekingAlpha,Gary Vaughan from Daily Stock Picks on developing an investing strategy using fundamentals and technical trading.,https://finnhub.io/api/news?id=560f0bed871cfd9842fc9b1080aab3713b014eb843d2c50bfe50c0deb8d1cbf5
VOO,VYM: Hold For Steady Returns,https://static.seekingalpha.com/cdn/s3/uploads/getty_images/1445810148/image_1445810148.jpg?io=getty-c-w1536,SeekingAlpha,Vanguard's VYM ETF is a stable and diversified investment option with low fees and strong capital protection for long-term investor returns. See more here.,https://finnhub.io/api/news?id=f467058be2240bbb30b750648df16bfd8f36e4b7207a05c6452bf084cd90e6ff
VOO,The one word that's popping up everywhere this earnings season: Morning Brief,https://s.yimg.com/ny/api/res/1.2/B4ThhhysAhf1IXXWMG6qMw--/YXBwaWQ9aGlnaGxhbmRlcjt3PTEyMDA7aD03ODc-/https://s.yimg.com/os/creatr-uploaded-images/2024-10/25b73cd0-9bbb-11ef-bfed-4f6a8404f37b,Yahoo,"The S&P 500's earnings season is 80% done and the word ""bottom"" keeps popping up. It could mean a two-year tough stretch for manufacturing may be over soon.",https://finnhub.io/api/news?id=0dd905c430daee05ddb93cf5b0a04b565b80532351d222e57a59d968852527e2
VOO,"U.S. Recession Odds Fall With Fed Rate Cut, But Are Still Elevated",https://static.seekingalpha.com/cdn/s3/uploads/getty_images/483661187/image_483661187.jpg?io=getty-c-w1536,SeekingAlpha,The current probability of a recession being officially determined to have begun between 1 November 2024 and 1 November 2025 is 64.8%. Click to read.,https://finnhub.io/api/news?id=505d971fc230327386cd57f8f451a65dcc0e456ff40cba54bb4527cf83986533
VOO,Massive October Inflows Keep ETFs on Track for $1T,,Yahoo,Net inflows topped $100 billion in October.,https://finnhub.io/api/news?id=129a010a55cccb0eb0e3ab21dc290b647531a2d8d4a22fade3d6a7bab98a6a86
VOO,Stock Market Could See 'Sell The News' Election,https://static.seekingalpha.com/cdn/s3/uploads/getty_images/1936201908/image_1936201908.jpg?io=getty-c-w1536,SeekingAlpha,"Tax policy changes post-election could trigger significant market moves, depending on the political landscape. Click here to see why SPY is a Sell.",https://finnhub.io/api/news?id=079aead451c551c5306dd444c5a5d6bf5a02a45704f8e9fa22f4da4353d01d4a
VOO,S&P 500 Ends 5-Month Rally With October Downturn,https://static.seekingalpha.com/cdn/s3/uploads/getty_images/1402808568/image_1402808568.jpg?io=getty-c-w1536,SeekingAlpha,"The S&P 500's 5-month run of gains came to an end in October, as the month closed on a down note.",https://finnhub.io/api/news?id=35a3e8a23d7c032bda67c6d1cc98cfdd2479c12a8498396bdf1d58acebd99998
VOO,"Weekly Indicators: Bearish Steepening Of Interest Rates, But Strong Coincident Data",https://static.seekingalpha.com/cdn/s3/uploads/getty_images/172739253/image_172739253.jpg?io=getty-c-w1536,SeekingAlpha,"Analysis of leading and coincident economic indicators shows a mixed outlook, with signs of weakness offset by strong consumption trends. Click for the update.",https://finnhub.io/api/news?id=747dbf4da4a055868bf3f70830c62568ea1ac7053e8e3fdb84ef19e97e062f83
VOO,"Employment Report: 12K Jobs Added In October, Well Below Expectations",https://static.seekingalpha.com/cdn/s3/uploads/getty_images/172752359/image_172752359.jpg?io=getty-c-w1536,SeekingAlpha,"The latest employment report showed 12,000 jobs were added in October, virtually unchanged, and well below forecasts of the expected addition of 106,000 new jobs.",https://finnhub.io/api/news?id=0be84dcc8ffc4c0ba9eb43ce5fa304f617f21c07ed21be2b38264fabf8931fc8
VOO,BlackRock Seeks Vanguard-Style ETF Share Class,,Yahoo,"BlackRock aims at carving ETFs from mutual funds, a process engineered by rival Vanguard 24 years ago.",https://finnhub.io/api/news?id=9ec63612eb2f825d444ce4c6fd75f1fb1088b29901373d3bdd937ebdaee3aa2c
VOO,"Jobs, With Revisions, Show A Net 100,000 Jobs Lost For October",https://static.seekingalpha.com/cdn/s3/uploads/getty_images/157442852/image_157442852.jpg?io=getty-c-w1536,SeekingAlpha,"Financial writer discusses job creation and inflation data, highlighting potential stagflation despite recent economic indicators. Click for more on the jobs data.",https://finnhub.io/api/news?id=3a97024f768c62a314fc0a3572aab643bfb34d6d813c47e3374360c3f4239fc6
VOO,Rates Are Surging As Inflation Makes Its Big Return,https://static.seekingalpha.com/cdn/s3/uploads/getty_images/1356762920/image_1356762920.jpg?io=getty-c-w1536,SeekingAlpha,"October job report shows unexpected wage growth, while ISM Prices Paid and 10-year rates break resistance levels. Click here to read what investors need to know.",https://finnhub.io/api/news?id=1dc7fee1441dc3f9bb66a3c288c02188f5381ddda9dbc30e06b5b2117e56f968
VOO,October Jobs Report: Weak Hiring Data Shrouded In Uncertainty,https://static.seekingalpha.com/cdn/s3/uploads/getty_images/200433919/image_200433919.jpg?io=getty-c-w1536,SeekingAlpha,"The US added just 12,000 jobs in October, the lowest nonfarm payroll gain since December 2020. Read for a discussion of weak job additions in US economy in Oct.",https://finnhub.io/api/news?id=9cb6d94dedc97586371061811b3258f2af29d8acdfa2ea8553a68608abd87022
VOO,SPY: A Trump Win May Not Fuel A Market Rally,,SeekingAlpha,,https://finnhub.io/api/news?id=a5bf4e7626fcaab7526e0603481a2c77113778d1ac55de98ae01d7db60ad0afd
VOO,"Reaction Roundup: SA analysts, experts weigh in on October jobs report",,Seeking Alpha,Looking for stock market analysis and research with proves results? Zacks.com offers in-depth financial research with over 30years of proven results.,https://finnhub.io/api/news?id=b36ece9ef03697448ce41ceb3a6e5b81e51042e4feff2260b0825a189e9cbb08
VOO,October Jobs Report: Hurricanes And Strike Activity Spook Payroll Growth,https://static.seekingalpha.com/cdn/s3/uploads/getty_images/175427831/image_175427831.jpg?io=getty-c-w1536,SeekingAlpha,October payroll data impacted by hurricanes and strikes; expects the Fed to maintain its current policy trajectory. Click here to read more.,https://finnhub.io/api/news?id=93437928de798f43506a755017fbd74246d8ad3956e1ce7b95d2880544e993d5
VOO,"Wall Street notches first two-week losing streak since August ahead of election, Fed",,Seeking Alpha,Looking for stock market analysis and research with proves results? Zacks.com offers in-depth financial research with over 30years of proven results.,https://finnhub.io/api/news?id=a42c6e7275d6ce26a56371eedaf2ffb841ea46f8d0d87ed825480faf21833d35
VOO,"Investors Spooked Ahead Of The Election, S&P 500 Falls In October",https://static.seekingalpha.com/cdn/s3/uploads/getty_images/668600179/image_668600179.jpg?io=getty-c-w1536,SeekingAlpha,"A financial writer discusses the impact of rising interest rates, political uncertainty, and the upcoming US election on the stock market recently. Click for more.",https://finnhub.io/api/news?id=4dbeb262b8de5ca6c7df54c098f3ed160b1fcb1b5342bbef56b424299e0abe5e
VOO,AAII Sentiment Survey: Neutral Sentiment Dips,https://static.seekingalpha.com/cdn/s3/uploads/getty_images/165999267/image_165999267.jpg?io=getty-c-w1536,SeekingAlpha,"Analysis of current market sentiment: Bullish sentiment rises, neutral sentiment declines, bearish sentiment slightly increases among investors.",https://finnhub.io/api/news?id=9fe1ccdb63f43f712ab6029b4c25e5fb98beedb9c9abaf4b9407b371c90eccf6
VOO,How Big Tech stocks from Asia and Europe are performing vs. Mag 7 this year,,Seeking Alpha,Looking for stock market analysis and research with proves results? Zacks.com offers in-depth financial research with over 30years of proven results.,https://finnhub.io/api/news?id=034620c4a722f73d0eae62ff3f9b3cf734c95807582fe06e69d3995abb01e535
VOO,XLK: Google's Q3 Shows Why Investors Must Own Tech Stocks,https://static.seekingalpha.com/cdn/s3/uploads/getty_images/1643360144/image_1643360144.jpg?io=getty-c-w1536,SeekingAlpha,The XLK has an outstanding long-term performance track record that has beaten the returns of the QQQs by 120%+ over the past decade. Read more here.,https://finnhub.io/api/news?id=93e163e81e3d5662a020ab895b035ca4dca3f5cadd62ee4480aa2c1fd3193a95
VOO,"Reaction Roundup: SA analysts, experts weigh in on Fed's favorite inflation gauge",,Seeking Alpha,Looking for stock market analysis and research with proves results? Zacks.com offers in-depth financial research with over 30years of proven results.,https://finnhub.io/api/news?id=baa2c2b4a70334d34421c46f2a362e672aef100b1da7a029400436d86a3f3d86
VOO,S&P 500 is looking at one of the least volatile election-year Octobers on record,,Seeking Alpha,Looking for stock market analysis and research with proves results? Zacks.com offers in-depth financial research with over 30years of proven results.,https://finnhub.io/api/news?id=d6cae22e4a11d23f95e729db555c3b083ea8cf3f2084331976f2ce9b56f11517
VOO,"Earnings movers: Intel, Amazon fly up in late trade after rough day session for Big Tech",,Seeking Alpha,Looking for stock market analysis and research with proves results? Zacks.com offers in-depth financial research with over 30years of proven results.,https://finnhub.io/api/news?id=933d7799b4a0eea3539154ca7263071fda636b03c3e08b4c2e6f6b0f121d108d
VOO,Wall Street suffers October blues as benchmark S&P 500 snaps five-month win streak,,Seeking Alpha,Looking for stock market analysis and research with proves results? Zacks.com offers in-depth financial research with over 30years of proven results.,https://finnhub.io/api/news?id=5aa312e4feed2a390e70bc7e23353349d454d910bb802d096ac114f0efd52cf8
VOO,"XPAY, a new ETF launched that seeks 20% annualized return of capital distributions",,Seeking Alpha,Looking for stock market analysis and research with proves results? Zacks.com offers in-depth financial research with over 30years of proven results.,https://finnhub.io/api/news?id=54512357a85148826fecbedecd4c24b3bfc5c08c0f5737ed41b1928ba8a210a6
VOO,"GDP Prints At 2.8% As Markets And Analysts Await Inflation, Jobs Data",https://static.seekingalpha.com/cdn/s3/uploads/getty_images/2168383732/image_2168383732.jpg?io=getty-c-w1536,SeekingAlpha,2024 Q3 GDP printed below the estimate of 3.0%. Sectors of GDP were largely unremarkable. Read more to see my thoughts.,https://finnhub.io/api/news?id=2c65efaea2d0be2a9f14e2fe036997b91287850ab0fd3f60b4718cea6d742b77
VOO,"VOO ETF Update, 10/31/2024???",,TipRanks,Looking for stock market analysis and research with proves results? Zacks.com offers in-depth financial research with over 30years of proven results.,https://finnhub.io/api/news?id=60cc84d6a5d128f3e0dd1103d1e2f2b0f1781f6f61266e7fb1f90b8ac9daa832
VOO,Why this bull market feels 'weird': Morning Brief,https://s.yimg.com/ny/api/res/1.2/7tuDtQoGapqBkHBoTM8K2A--/YXBwaWQ9aGlnaGxhbmRlcjt3PTEyMDA7aD04Mzc-/https://s.yimg.com/os/creatr-uploaded-images/2021-05/a2deb910-ad01-11eb-95e7-35d4dc58ae8a,Yahoo,The economy is making a soft landing and the bull market is flying high as the Nasdaq hits record heights. But the mood is...off.,https://finnhub.io/api/news?id=62596b84bf3c92cb2ff5d57b4c06f3f9136e6ad1d16ea4ec001308d6c290260e
VOO,The October Jobs Report Could Push Rates Much Higher,https://static.seekingalpha.com/cdn/s3/uploads/getty_images/2161551402/image_2161551402.jpg?io=getty-c-w1536,SeekingAlpha,Importance of October job report on long-end Treasury rates and FOMC rate cut before election. Click for my preview of how rates could react to the release.,https://finnhub.io/api/news?id=dd73071ee52e841bb80461965693055494d45aaf9e91a4a1537568a9ec7806b5
VOO,"When November starts, so does the best 6 months for large- and small-cap stocks",,Seeking Alpha,Looking for stock market analysis and research with proves results? Zacks.com offers in-depth financial research with over 30years of proven results.,https://finnhub.io/api/news?id=4266a3c662c71d3305eb06a94889b24800a1077b27407941620e0fea7110c54e
VOO,History suggests a seasonality year-end rally is in store for the S&P 500,,Seeking Alpha,Looking for stock market analysis and research with proves results? Zacks.com offers in-depth financial research with over 30years of proven results.,https://finnhub.io/api/news?id=a0b4edeae49627f12fbede6f666e791d035ebcc9e8f2c6af2fb229968f8ec3d7
VOO,"Earnings movers: Google parent Alphabet climbs, AMD drops in after-hours trade Tuesday",,Seeking Alpha,Looking for stock market analysis and research with proves results? Zacks.com offers in-depth financial research with over 30years of proven results.,https://finnhub.io/api/news?id=fbe5f1f2a9078fa171dff67d16ca95507157193de6706e05f076f494d66d709a
VOO,"Markets in 'pivotal' week with Big Tech earnings, jobs data on tap as U.S. elections loom",,Seeking Alpha,Looking for stock market analysis and research with proves results? Zacks.com offers in-depth financial research with over 30years of proven results.,https://finnhub.io/api/news?id=7667665cbf8131a07ec2f86f8bd3b402f6dc057f2d8535d2bef518551a015ef3
VOO,The October Labor Market Report: The Most Consequential In Recent History,https://static.seekingalpha.com/cdn/s3/uploads/getty_images/1765579674/image_1765579674.jpg?io=getty-c-w1536,SeekingAlpha,"How the October 2024 labor market report could impact the tight election and the S&P 500 bubble, favoring either Trump or Harris. Click for more.",https://finnhub.io/api/news?id=f6a5638b16375b96abc8d5913a3295d18e6788c0fc3a7eaab01b9f4d11e0fe61
VOO,Goldman Sachs expects mortgage rates to stay elevated above 6% through end of 2025,,Seeking Alpha,Looking for stock market analysis and research with proves results? Zacks.com offers in-depth financial research with over 30years of proven results.,https://finnhub.io/api/news?id=2ab73f9a356b360b7614309d0dfcf3391252f734fdb5fffd488b4aa55dc7fe96
VOO,Equities will prove a poor investment over a medium-term horizon – Cantor Fitzgerald,,Seeking Alpha,Looking for stock market analysis and research with proves results? Zacks.com offers in-depth financial research with over 30years of proven results.,https://finnhub.io/api/news?id=9ddd6c0b373a514f98f558093445e2a1cc78ebf7859ecfb6a107872ad4c2af4b
VOO,iPhone 16 Blocked - Apple Faces Sales Ban in Indonesia Over Local Investment Shortfall: Report,,Benzinga,Looking for stock market analysis and research with proves results? Zacks.com offers in-depth financial research with over 30years of proven results.,https://finnhub.io/api/news?id=a68903b48f9e5bc6f92dad8a966eeee9aea10c4415451c6b396cf9312896ea3f
VOO,"VOO ETF Update, 10/28/2024",,TipRanks,Looking for stock market analysis and research with proves results? Zacks.com offers in-depth financial research with over 30years of proven results.,https://finnhub.io/api/news?id=068e9cda93f9ac3103b9c2552cf961cd78362b4ec365786ab0358331cf490507
VOO,The most overbought and oversold global assets,,Seeking Alpha,Looking for stock market analysis and research with proves results? Zacks.com offers in-depth financial research with over 30years of proven results.,https://finnhub.io/api/news?id=6e25b0367cadcd74ec1ca7a20e4c6ee588031354956758234b6085893c439400
VOO,Alphabet may 'spark relief rally' as Big Tech results roll in: hedge fund boss Dan Niles,,Seeking Alpha,Looking for stock market analysis and research with proves results? Zacks.com offers in-depth financial research with over 30years of proven results.,https://finnhub.io/api/news?id=7afc8e9d2b7a39823d1ab2edc367f0a1005324c0f5d8769ec265ad4bafe12423
VOO,SFY: Chasing Growth Without Substantially Capturing Returns,https://static.seekingalpha.com/cdn/s3/uploads/getty_images/1937957572/image_1937957572.jpg?io=getty-c-w1536,SeekingAlpha,"SFY's current low expense ratio of 0.05% may rise after June 2025, adding cost risk for investors. Read why I'm neutral on the fund.",https://finnhub.io/api/news?id=15b5f3fcc51318e59950016da5df05f6bfd66bf04fe5b0fb61c095f504f42e95
VOO,"Nvidia's Valuation, Rising Rates And Recession Risk",,Seeking Alpha,Looking for stock market analysis and research with proves results? Zacks.com offers in-depth financial research with over 30years of proven results.,https://finnhub.io/api/news?id=e71ef7f94db8150c7a4c032131ff31c59daddc614f393314d70d9d3b8becf42f
VOO,DeLarme Wealth Management to SA: Watch for a ‘huge uptick’ in volatility in stocks,,Seeking Alpha,Looking for stock market analysis and research with proves results? Zacks.com offers in-depth financial research with over 30years of proven results.,https://finnhub.io/api/news?id=01013e29b89c5e919ff1ab72f539012b6c64d7e50422313780176792e7f88918
VOO,Weekly Indicators: Q/Q Corporate Profits Show No Aggregate Increase Yet,https://static.seekingalpha.com/cdn/s3/uploads/getty_images/160616076/image_160616076.jpg?io=getty-c-w1536,SeekingAlpha,"Weekly indicators provide a timely nowcast of the economy, with data presented factually to minimize bias. Read more to see my thoughts.",https://finnhub.io/api/news?id=b151447640447e3f1057ac480d5983383879498de4a959e3e46dc2e73fdcea55
VOO,"Gold bets at fever pitch as investors chase hedge against inflation, populism: BofA",,Seeking Alpha,Looking for stock market analysis and research with proves results? Zacks.com offers in-depth financial research with over 30years of proven results.,https://finnhub.io/api/news?id=51927b71ee75d2ee542b40fc91010044512386c53caf23e2325e205bac6eb325
VOO,Wall Street halts longest weekly win streak of the year ahead of Big Tech earnings,,Seeking Alpha,Looking for stock market analysis and research with proves results? Zacks.com offers in-depth financial research with over 30years of proven results.,https://finnhub.io/api/news?id=4961ac968fb2437914e049ac983aae17dc3e5426e3e2997f8f5fe3fd3e1c81f5
VOO,SocGen: Fade long-end Treasury selloff spurred by pricing in of Trump White House victory,,Seeking Alpha,Looking for stock market analysis and research with proves results? Zacks.com offers in-depth financial research with over 30years of proven results.,https://finnhub.io/api/news?id=def9dee8e1d4264f3fceec896cccf956e2892453a4b1d89de566e0ec284a4ff5
VOO,AAII Sentiment Survey: Optimism Plummets,https://static.seekingalpha.com/cdn/s3/uploads/getty_images/890153720/image_890153720.jpg?io=getty-c-w1536,SeekingAlpha,"Analyzing recent shifts in market sentiment: Bullish sentiment down, neutral sentiment up, bearish sentiment on the rise. Click here to read my analysis.",https://finnhub.io/api/news?id=086d10eae1676d4baabfa341e3fec2c46cff38718bbf3be3f0a7840e9b027478
VOO,"HSBC is bullish on the S&P 500 and ups its year-end target to 5,900",,Seeking Alpha,Looking for stock market analysis and research with proves results? Zacks.com offers in-depth financial research with over 30years of proven results.,https://finnhub.io/api/news?id=8879d465c578ecede48d49eaab09e24ffb57299d0529be0b976d85822f023a82
VOO,Wall Street's S&P 500 index is broadening out in the second half of 2024,,Seeking Alpha,Looking for stock market analysis and research with proves results? Zacks.com offers in-depth financial research with over 30years of proven results.,https://finnhub.io/api/news?id=ea3abfa525a5de37f8665d17cd3de536f17f594bbaca637de53ef21cbad7081e
VOO,How The Parts Add Up: VOO Targets $582,,ETF Channel,Looking for stock market analysis and research with proves results? Zacks.com offers in-depth financial research with over 30years of proven results.,https://finnhub.io/api/news?id=a493314fcdf108f67952fb2674035eab9edae12f813fa9f66a6a614ce03eba6f
VOO,CB Leading Economic Index Continues To Fall In September,https://static.seekingalpha.com/cdn/s3/uploads/getty_images/1457838120/image_1457838120.jpg?io=getty-c-w1536,SeekingAlpha,The latest Conference Board Leading Economic Index (LEI) decreased in September to its lowest level since October 2016.,https://finnhub.io/api/news?id=051f108657f0d5c8ca81d9c95bb5b84e5c19306ddcf5a71f857d263c1cb04043
VOO,The 10-Year Treasury Rate May Rise Above 6%,https://static.seekingalpha.com/cdn/s3/uploads/getty_images/1356762920/image_1356762920.jpg?io=getty-c-w1536,SeekingAlpha,"Despite Fed rate cuts, strong economic data and persistent inflation suggest the 10-year Treasury yield could rise to 6% or higher. Read what investors need to know.",https://finnhub.io/api/news?id=2b8d7479eb7c8ddd579f8c67b44dc7c69836903c1167905d31595251e7c2c026
VOO,"Paul Tudor Jones sees Treasury selloff, with debt to soar under either Trump or Harris",,Seeking Alpha,Looking for stock market analysis and research with proves results? Zacks.com offers in-depth financial research with over 30years of proven results.,https://finnhub.io/api/news?id=57d5cc0c9bcee2dec2e5e26bc2e343716c6cd87116296636451fa53d1c28bffb
VOO,SPX Reaching 6000 Incoming; But When Recession? 4 Indicators To Watch,https://static.seekingalpha.com/cdn/s3/uploads/getty_images/88621676/image_88621676.jpg?io=getty-c-w1536,SeekingAlpha,"The S&P 500 Index is nearing 6000 points, driven by a strong economy, disinflation, and an easing Federal Reserve, but signs of a reversal are emerging. Read what investors need to know.",https://finnhub.io/api/news?id=5992e272f6d720753a404ee9157e71d5dff107f65d193c678d73a1d42e6cbde9
VOO,S&P 500: A Stagflationary Lost Decade Is Likely Approaching,https://static.seekingalpha.com/cdn/s3/uploads/getty_images/668600179/image_668600179.jpg?io=getty-c-w1536,SeekingAlpha,"A warning of a potentially bleak future for the US economy with potential stagflation, but holding US equities for dividends may still be viable. Read what investors need to know.",https://finnhub.io/api/news?id=2c393102342eb0f6c34edfe19ea53e381357f4bd431d92a7fd76a1d63ed77baf
VOO,Stocks Have Never Been This Risky Relative To Bonds,https://static.seekingalpha.com/cdn/s3/uploads/getty_images/1252802581/image_1252802581.jpg?io=getty-c-w1536,SeekingAlpha,"Stocks are generally expected to outperform government bonds due to their less predictable income, particularly during a recession. Read what investors need to know.",https://finnhub.io/api/news?id=f9f391f9d9b96cfbbb2b845eb412b344a20c6263910d7452106647c16683fe95
VOO,Why Mr. Market Is Always Right,https://static.seekingalpha.com/cdn/s3/uploads/getty_images/134540404/image_134540404.jpg?io=getty-c-w1536,SeekingAlpha,"Markets may misprice assets, but trends matter. Learn more about SPX's outlook and how a resilient economy could drive stock performance.",https://finnhub.io/api/news?id=5a4afb41ac81667cd640a950830e8b05bcbc9c42c73d404ce03f62fa143364d0
VOO,S&P 500: Sentiment At Extreme Greed Well Before The Usual Year-End Rally (Rating Downgrade),https://static.seekingalpha.com/cdn/s3/uploads/getty_images/1855140462/image_1855140462.jpg?io=getty-c-w1536,SeekingAlpha,"S&P 500 is experiencing an unusually strong rally ahead of the traditional Year-End Rally, adding to its impressive 24.3% year-to-date return. Read more here.",https://finnhub.io/api/news?id=8eecaf05358e8b5fc27e8bbbd5651dfe18917cec95caf16e56baf2fc99022452
VOO,SPLG: Ultra Low-Cost ETF For S&P 500 Exposure,https://static.seekingalpha.com/cdn/s3/uploads/getty_images/1497771083/image_1497771083.jpg?io=getty-c-w1536,SeekingAlpha,Warren Buffett's bet on low-cost index funds shows their outperformance over high-fee hedge funds. See why I am bullish on SPLG ETF right now.,https://finnhub.io/api/news?id=3e7631e51b5f61ae8091d48c00dffd559466aa201d07a98f221117e0acba7320
VOO,JEPI And JEPQ ETFs Have Soared; Numerous Catalysts Remain,,TalkMarkets,Looking for stock market analysis and research with proves results? Zacks.com offers in-depth financial research with over 30years of proven results.,https://finnhub.io/api/news?id=c0c66bfcba08444968776398bc500e239839a59763bc1e441ee3aedc1c8acba7
VOO,This May Be The Most Expensive Stock Market In 40 Years,https://static.seekingalpha.com/cdn/s3/uploads/getty_images/1362498891/image_1362498891.jpg?io=getty-c-w1536,SeekingAlpha,"S&P 500 is historically expensive, with high PE and price-to-sales ratios, suggesting lower future returns for index fund investors. Click here to read more.",https://finnhub.io/api/news?id=ba0507235fc2601194361ba688a0b00cba4a7cfd8bcb46388b0a77647ff47fdf
VOO,"SPY, The Pioneering ETF, Tops $600B AUM - Good News And Bad News",,TalkMarkets,Looking for stock market analysis and research with proves results? Zacks.com offers in-depth financial research with over 30years of proven results.,https://finnhub.io/api/news?id=ff17d36d912f702eed425ea447f75d81193bc0312ac5603307be6ee457327ed5
VOO,"SCHD: Split or Not, This Is a Strong Dividend ETF",https://media.zenfs.com/en/tipranks_452/85c6cb8eedaaaf0886e15f8c685abdad,Yahoo,"The Schwab U.S. Dividend Equity ETF (SCHD) is one of the most popular dividend ETFs in the market today with a massive $63.7 billion in assets under management (AUM). The fund recently made some waves by executing a 3-for-1 split which went into effect on October 10th. We’ll discuss the rationale and details regarding the share split in this article. But more importantly, we’ll evaluate the merits of holding SCHD in an investment portfolio. I’m bullish on this well-known dividend ETF based on th",https://finnhub.io/api/news?id=d1d894e74273627fb8c924e301e32827bef7b2d3c16e38101b6cbcb786adb553
VOO,"S&P 500 is at record highs, but beware of October’s choppy background for the index",,Seeking Alpha,Looking for stock market analysis and research with proves results? Zacks.com offers in-depth financial research with over 30years of proven results.,https://finnhub.io/api/news?id=9fcf34d662f87ade159fd47d73359d5153b39673cfa3ac0b8a80ba7f34dd7e71
VOO,Weekly Indicators: More Hurricane Havoc,https://static.seekingalpha.com/cdn/s3/uploads/getty_images/2176083692/image_2176083692.jpg?io=getty-c-w1536,SeekingAlpha,"Financial writer analyzes high-frequency indicators for economy's outlook, noting neutral long leading indicators and positive short leading ones. Click for more.",https://finnhub.io/api/news?id=72196b57e4eda14712683364c5d82aed7f756db39c649953755d12052259bbbf
VOO,A 100% recession call that never came to be,,Seeking Alpha,Looking for stock market analysis and research with proves results? Zacks.com offers in-depth financial research with over 30years of proven results.,https://finnhub.io/api/news?id=20c5bf249b0e1b9e1cf05a26e53c4fc9f00a6a3b7094b5fa0b40ca81f66af21a
VOO,Saturday marks 37th anniversary of Black Monday,,Seeking Alpha,Looking for stock market analysis and research with proves results? Zacks.com offers in-depth financial research with over 30years of proven results.,https://finnhub.io/api/news?id=0d2f54e35bd2e164863922dad73f7c1ce088b07965df0ede88f552f1bc4b6161
VOO,SPY Becomes First ETF to Surpass $600B in Assets,,Yahoo,The SPDR S&P 500 ETF Trust reached milestone even as rivals have gained ground.,https://finnhub.io/api/news?id=8c0514d74a776c3b8e60211105588d10d99c0a7ec1ddfe57c6b8cb89114371fc
VOO,Oil Prices May Be Heading For A Major Breakdown,https://static.seekingalpha.com/cdn/s3/uploads/getty_images/1757271699/image_1757271699.jpg?io=getty-c-w1536,SeekingAlpha,"With oil prices nearing $66, a break could signal significant changes. See more on how falling prices may impact yields and the USD-JPY exchange rate.",https://finnhub.io/api/news?id=2969aa124beebca3336f80ee97eb8fc143f5fc7652b52aa40686efcb921f552c
VOO,SPY Reaches $600 Billion In Assets: Oldest US ETF Hits Milestone As All-Time Highs Continue,,Benzinga,Looking for stock market analysis and research with proves results? Zacks.com offers in-depth financial research with over 30years of proven results.,https://finnhub.io/api/news?id=79ab066b3ad5e2b4c53001f9324dcf3a5dc52472def22618c8536f431a114ad8
VOO,UBS upgrades view on U.S. stocks to attractive - here are its top picks,,Seeking Alpha,Looking for stock market analysis and research with proves results? Zacks.com offers in-depth financial research with over 30years of proven results.,https://finnhub.io/api/news?id=71966933e5c54270a755b6d37dc241d5e9b857645a100b363ddfc1e69b472b84
VOO,Is The Market's Melt-Up Due To FOMO?,https://static.seekingalpha.com/cdn/s3/uploads/getty_images/1825904117/image_1825904117.jpg?io=getty-c-w1536,SeekingAlpha,Strong retail sales and resilient consumer spending indicate a healthy economy. Click here to find out why investors are shifting from tech stocks to cyclicals.,https://finnhub.io/api/news?id=991258d12630f3e518ca911435d7b5198f1bd34c753a701bfa02c8521a6739f0
VOO,"VOO ETF Update, 10/18/2024",,TipRanks,Looking for stock market analysis and research with proves results? Zacks.com offers in-depth financial research with over 30years of proven results.,https://finnhub.io/api/news?id=a3824416bfdc7cd273e00f3a12554f9feb4ddff361f31e54754f498d1c7a693f
VOO,S&P 500 kicks off third year of bull run by notching its longest weekly gain of 2024,,Seeking Alpha,Looking for stock market analysis and research with proves results? Zacks.com offers in-depth financial research with over 30years of proven results.,https://finnhub.io/api/news?id=b904d68af771b830140f35cf6fa52ba6cc503027fafb1d77029f1aaa5e9cfbac
VOO,AAII Sentiment Survey: Pessimism Spikes,https://static.seekingalpha.com/cdn/s3/uploads/getty_images/157373242/image_157373242.jpg?io=getty-c-w1536,SeekingAlpha,"Market sentiment shift: Bullish sentiment decreases, neutral sentiment decreases slightly, and bearish sentiment increases. Click here to read the survey results.",https://finnhub.io/api/news?id=e75fa000852e64fba1afc27ebd268e853516e5a057538bf906592104278382b4
VOO,OALC: Christian-Values ETF With High Fees But Solid Fundamentals,https://static.seekingalpha.com/cdn/s3/uploads/getty_images/1039376426/image_1039376426.jpg?io=getty-c-w1536,SeekingAlpha,"OALC is a Christian faith-based alternative to S&P 500 Index funds. Check out OALC's diversification, risk, growth, value, and quality features vs. its peers.",https://finnhub.io/api/news?id=312c1dc9c95d54325c5c4d2035c015df80e43258f8a919376ee20e2213288fa7
VOO,Investing In An Era Of Flouted Rules,https://static.seekingalpha.com/cdn/s3/uploads/getty_images/1688767071/image_1688767071.jpg?io=getty-c-w1536,SeekingAlpha,"The resilience of labor markets in the US may be confining the Sahm Rule as the latest in a series of âflouted rules."" Click to read.",https://finnhub.io/api/news?id=d25be39543aaf002fa673e7b6d44a3d6020f3bf8ce46157c20d8c4eac00d81e3
VOO,World’s largest ETF SPY hits historic milestone as it crosses $600B in AUM,,Seeking Alpha,Looking for stock market analysis and research with proves results? Zacks.com offers in-depth financial research with over 30years of proven results.,https://finnhub.io/api/news?id=f909bea5ca479bf272a840bd07e875524b74da408935ec46b4377b3dc314415b
VOO,Bearish Technical Patterns Emerge In Semiconductors And The Nasdaq,https://static.seekingalpha.com/cdn/s3/uploads/getty_images/486326115/image_486326115.jpg?io=getty-c-w1536,SeekingAlpha,"The semiconductor sector is struggling, with the VanEck ETF down 12%. Learn more about potential losses and Nvidia's impact on the NASDAQ 100.",https://finnhub.io/api/news?id=dc8b4ea36db532f25705b6e772bcff72918da4faaa615397f535f2be8048ab9f
VOO,Tech is leading markets higher — but 3 other sectors have joined in: Morning Brief,https://s.yimg.com/ny/api/res/1.2/HY2ljXKA804R_lDPMq6BvA--/YXBwaWQ9aGlnaGxhbmRlcjt3PTEyMDA7aD05MDA-/https://s.yimg.com/os/creatr-uploaded-images/2024-08/776f4720-52be-11ef-9f73-b58e16243364,Yahoo,"Taking stock of year three of the bull market shows that the rally is spreading out beyond the Magnificent Seven — and even beyond tech. Since the market's recent lows, three other non-tech sectors have taken up the mantle.",https://finnhub.io/api/news?id=759d847a4190619e61bff2b7d2ba3dc6439d7dd5a9a7802e89552edb694c95e5
VOO,What's Going On With Intel Stock Wednesday?,,Benzinga,Looking for stock market analysis and research with proves results? Zacks.com offers in-depth financial research with over 30years of proven results.,https://finnhub.io/api/news?id=4ab16306c02652c2aa4a00fdff310f6e5adefedfaaa4d91957ac4568bc5d7a1b
VOO,INCM: ETF Provides High Income Without Ignoring Growth,https://static.seekingalpha.com/cdn/s3/uploads/getty_images/1938319530/image_1938319530.jpg?io=getty-c-w1536,SeekingAlpha,Franklin Income Focus ETF benefits income-focused investors seeking capital appreciation and downside protection. Click here to read my ETF analysis of INCM.,https://finnhub.io/api/news?id=91aca689a76bde3c73658c3e8f69325b389a4275b8383d93d131fadbce4e7152
VOO,"Alphathena, etf.com Partner on Direct Indexing Content",,Yahoo,The collaboration aims to expand access to personalized investment strategies.,https://finnhub.io/api/news?id=c979d50fa640879d17b562c03e40f96e6ab1d7c71643dc010c286bc502cb7df1
VOO,"VOO ETF Update, 10/15/2024???",,TipRanks,Looking for stock market analysis and research with proves results? Zacks.com offers in-depth financial research with over 30years of proven results.,https://finnhub.io/api/news?id=e9ab68f44d7b6cd96362b0c68dcf4856e8729d835d36282d9bc865e14ac0313c
VOO,AI Is Progress: Why The Benefits Outweigh The Risks,,SeekingAlpha,,https://finnhub.io/api/news?id=295f30354a7ef34d078b0bd7d1114d70ec34549e101577ed4074eda4816f94a1
VOO,Harris or Trump? Shouldn’t matter for markets – Oppenheimer Asset Management,,Seeking Alpha,Looking for stock market analysis and research with proves results? Zacks.com offers in-depth financial research with over 30years of proven results.,https://finnhub.io/api/news?id=4f1bbcc4838b6a8ac21483b59eac674920959d7e6414ba5f506e27079d4f602b
VOO,"UBS raises 2024 end target for S&P 500 to 5,850 points",,Seeking Alpha,Looking for stock market analysis and research with proves results? Zacks.com offers in-depth financial research with over 30years of proven results.,https://finnhub.io/api/news?id=b37ec44acbb5771a4f09953dc9c955613972d4fedbdc7d150757acb4485f45c8
VOO,"Bull run props up Q3 earnings season, but is the bar too low?",,Seeking Alpha,Looking for stock market analysis and research with proves results? Zacks.com offers in-depth financial research with over 30years of proven results.,https://finnhub.io/api/news?id=e640c55947f809616f8a3f1c6610c04733383e47267cd39d264a953e6491103e
VOO,"Equity market sell-off ‘canceled’ with headwinds set to fade, Goldman’s Rubner says",,Seeking Alpha,Looking for stock market analysis and research with proves results? Zacks.com offers in-depth financial research with over 30years of proven results.,https://finnhub.io/api/news?id=62b7f553d2a93af8e4f257570339c9ffb0545cceae7edb6c5e5cda351e7c0669
VOO,XMMO: Don't Forget About The Mid Caps,https://static.seekingalpha.com/cdn/s3/uploads/getty_images/157403595/image_157403595.jpg?io=getty-c-w1536,SeekingAlpha,"The XMMO ETF has outperformed S&P MidCap and S&P 500, focusing on high momentum mid-cap stocks with growth potential and attractive valuation. See more.",https://finnhub.io/api/news?id=4b240c780cc018bb57287899b95f5e54edcf88fb5185c95a9624a85b568b8a03
VOO,Investors Sent Billions More Into China ETFs Last Week,,Yahoo,Inflows totaled more than $6.5 billion for the top China ETFs last week.,https://finnhub.io/api/news?id=4b997a5c647a0c9871ba8199b534014e9d5c8cfef223353ff0c117cbf7b9ea02
VOO,Wall Street’s bull market enters its third year,,Seeking Alpha,Looking for stock market analysis and research with proves results? Zacks.com offers in-depth financial research with over 30years of proven results.,https://finnhub.io/api/news?id=9b09045e5125c55d7c57e21497e6190a10886cf1cf5dacc412b2eb7c62b2acbb
VOO,S&P 500 ETFs: Building An Ultra-Conservative Retirement With Boosted Income,,SeekingAlpha,,https://finnhub.io/api/news?id=47f1df94438921eb8924a27984c4c42691f97180bfeb52e5d07a7e56f6d10390
VOO,Wall Street's bull run celebrates second birthday: A look at major assets & their returns,,Seeking Alpha,Looking for stock market analysis and research with proves results? Zacks.com offers in-depth financial research with over 30years of proven results.,https://finnhub.io/api/news?id=ea0191d428a2ffd2378ecbb9375863b03380f22b04c7f13982f81476c2f699ee
VOO,S&P 500 Snapshot: Record Rally Rolls On,,Seeking Alpha,Looking for stock market analysis and research with proves results? Zacks.com offers in-depth financial research with over 30years of proven results.,https://finnhub.io/api/news?id=3ab8ebb5cc137e375d1263c7ced5d4ce0065b0967e7329c6ebc0b4101da71ec3
VOO,Weekly Indicators: Hurricanes And Higher Interest Rates Cause Weakening,https://media.gettyimages.com/id/AB001599/photo/hurricane-elena-in-the-gulf-of-mexico.jpg?b=1&s=612x612&w=0&k=20&c=ELXQjLGto85uT0DaI_ok7oErUUjh4Ca1R0e6v-zR8lM=,SeekingAlpha,"Stay ahead of economic trends with weekly indicators, showing a positive outlook despite inflation concerns and weakening coincident indicators. Read more here.",https://finnhub.io/api/news?id=2e039ee2ced665f0645b19ef4fcb91a19ff1298784aefc28557729473352554b
VOO,"etf.com’s New ETF Pulse Tool: What It Is, How It Works",,Yahoo,Gain valuable insights into ETFs based on fund flows and performance trends.,https://finnhub.io/api/news?id=778223bcc5a3e68a90d2e21c4bd152b57890dde0ae1529269a364f1aae582ff8
VOO,GDP Report Continues To Defy Recession Forecasts,,SeekingAlpha,,https://finnhub.io/api/news?id=8a401ead451de06e25ff3ed763badaeeb5e1caf91fa1e27cce170da6b669a79b
VOO,"Roubini: U.S. deficit will widen under Trump or Harris, sees bond vigilantes returning",,Seeking Alpha,Looking for stock market analysis and research with proves results? Zacks.com offers in-depth financial research with over 30years of proven results.,https://finnhub.io/api/news?id=4facbcc7e471a5435dcffb7d01bbabcfc41092994ee4a91a6df34ebcfbe7e641
VOO,Resolute Advisors LLC Adjusts Stake in Unity Software Inc,,GuruFocus,Looking for stock market analysis and research with proves results? Zacks.com offers in-depth financial research with over 30years of proven results.,https://finnhub.io/api/news?id=2e79609699e9539e27afb756f28e629cdf02427ad0d355aef26da1d8c9355dd8
VOO,"S&P 500 ends week above 5,800 for the first time ever on two-year anniversary of bull run",,Seeking Alpha,Looking for stock market analysis and research with proves results? Zacks.com offers in-depth financial research with over 30years of proven results.,https://finnhub.io/api/news?id=d2b4c6ac7b4f0ec27290ad1f931dc2c1d3673be9d1e3d7d4f24dcbaca4fafdfe
VOO,Why pro trader Tom Sosnoff says to bet on yourself instead of passive index funds,https://s.yimg.com/ny/api/res/1.2/aZktL_l6MRTI3D82uKk1zQ--/YXBwaWQ9aGlnaGxhbmRlcjt3PTEyMDA7aD02ODY-/https://s.yimg.com/os/creatr-uploaded-images/2024-10/513ee350-8282-11ef-bff6-d63014b9986b,Yahoo,Tastytrade co-founder Tom Sosnoff argues that investors ought to consider going against the passive grain and investing actively. But he isn't using returns in his argument.,https://finnhub.io/api/news?id=35751132fda623c55f175f98c41a2654581ec9ea6a6f39ba1f8168a6295d7a70
VOO,Why strong earnings and cash flow are key to navigating value traps,https://s.yimg.com/ny/api/res/1.2/R8EoQ3qdvdGFYjTQ7iqJ1g--/YXBwaWQ9aGlnaGxhbmRlcjt3PTEyMDA7aD04MDI-/https://s.yimg.com/os/creatr-uploaded-images/2024-09/726e6870-84da-11ef-bb7f-a53066983e11,Yahoo,"Michaella Gallina, chief financial officer of the consultancy group, Wave HQ, and vice president of investor relations at H&R Block, gives her unique take on value investing.",https://finnhub.io/api/news?id=1ac15b9963c1b0f60a1bd4680f22a9eb7b1b9761ff9a54433b86def09559de3e
VOO,AAII Sentiment Survey: Pessimism Drops,https://static.seekingalpha.com/cdn/s3/uploads/getty_images/182416835/image_182416835.jpg?io=getty-c-w1536,SeekingAlpha,Market sentiment shifts towards bullish with increased optimism among investors. Click here to read the most recent analysis and survey results.,https://finnhub.io/api/news?id=7fc4e029597e2d49da942303e64118e0293fd8c53fbd549a2f7da7f414bcd463
VOO,"VOO ETF Update, 10/10/2024???",,TipRanks,Looking for stock market analysis and research with proves results? Zacks.com offers in-depth financial research with over 30years of proven results.,https://finnhub.io/api/news?id=c4e326e9321114dd8503e382cd426e54e07120787f31315438a8ddf62fb70183
VOO,"Wall Street profits soar in first half, New York State comptroller says",,Seeking Alpha,Looking for stock market analysis and research with proves results? Zacks.com offers in-depth financial research with over 30years of proven results.,https://finnhub.io/api/news?id=2f276ef8028f1a46e76c0307920adb3613a3455a3da00dd8fe96279451f69411
VOO,"Wall Street profits soar in H1, New York State Comptroller says",,Seeking Alpha,Looking for stock market analysis and research with proves results? Zacks.com offers in-depth financial research with over 30years of proven results.,https://finnhub.io/api/news?id=c1cd3fa347bb54cff899246570e78b5224d1b7ece5bb3b5bc023736fcc4c12cc
VOO,S&P 500 tags its 44th record high in 2024 with 56 trading days remaining,,Seeking Alpha,Looking for stock market analysis and research with proves results? Zacks.com offers in-depth financial research with over 30years of proven results.,https://finnhub.io/api/news?id=8d15702ab497cc1ab022180e1118020aad7dbf640c9595fdd1511de97b26330f
VOO,"Reaction Roundup: SA analysts, experts weigh in on consumer inflation report",,Seeking Alpha,Looking for stock market analysis and research with proves results? Zacks.com offers in-depth financial research with over 30years of proven results.,https://finnhub.io/api/news?id=af0ec2441874f77c513ea0af0d626061859b74435fd21a21422263f15fe56379
VOO,VOO: It Is Hard To Beat The S&P 500,https://static.seekingalpha.com/cdn/s3/uploads/getty_images/1936201908/image_1936201908.jpg?io=getty-c-w1536,SeekingAlpha,"S&P 500 consistently outperforms over long periods, with top companies like Apple, Microsoft, and Nvidia driving significant returns. Click here to read more.",https://finnhub.io/api/news?id=15ea3405345879979d36a4f95c42ed12d9c89cf30b8ba5ed625cc96c9e12cebd
VOO,Why is Wall Street shrugging off geopolitical risk and powering to new highs?,,Seeking Alpha,Looking for stock market analysis and research with proves results? Zacks.com offers in-depth financial research with over 30years of proven results.,https://finnhub.io/api/news?id=5449462dab09e9da861ad82f74365b109d376ab8cdf16fdbaa683317e6c8af2c
VOO,"Scaramucci to SA: Harris, Trump may face split govt; Trump ‘unpredictable’ for markets",,Seeking Alpha,Looking for stock market analysis and research with proves results? Zacks.com offers in-depth financial research with over 30years of proven results.,https://finnhub.io/api/news?id=ca4682f263db78d5d3d998c5b4c9d1438544a9b4dd0a0ceb7206dfd0de77093b
VOO,"S&P 500: Election, Hurricanes, And War May Be Too Much Worry",https://static.seekingalpha.com/cdn/s3/uploads/getty_images/1371292781/image_1371292781.jpg?io=getty-c-w1536,SeekingAlpha,"Analyst discusses the challenges facing the S&P 500, including the election, wars, earnings season, and rising bond yields, with a focus on his ROAR score for risk.",https://finnhub.io/api/news?id=747145e0d094beb7330c3a539d3da05377d5c211d3cc256f51e5682dd6a841c0
VOO,SPY: Don't Follow The Crowd,https://static.seekingalpha.com/cdn/s3/uploads/getty_images/2165819046/image_2165819046.jpg?io=getty-c-w1536,SeekingAlpha,Sept. 2024 became the 4th-biggest month for central bank policy rate cuts globally in the last century. Find out why I see elevated risks for SPY in short term.,https://finnhub.io/api/news?id=6b115f267294ab4cfb10c26fb1a50f969889c56b5d7555a02470dc8c066a6269
VOO,A ‘stock picker’s paradise’ is blooming for Q3 earnings season - BofA,,Seeking Alpha,Looking for stock market analysis and research with proves results? Zacks.com offers in-depth financial research with over 30years of proven results.,https://finnhub.io/api/news?id=6af593a8f07f078da0de6be9e58fee35e7a7c48f3becbf7ca11eb1c10c5738f2
VOO,Ray Dalio doesn’t see significant Fed rate cuts with economy in ‘relatively good balance’,,Seeking Alpha,Looking for stock market analysis and research with proves results? Zacks.com offers in-depth financial research with over 30years of proven results.,https://finnhub.io/api/news?id=3ad70d7cdbf6f331f4d7f3d56a65348e72e0dc7cc139092c02b7b2a3c6f08da8
VOO,Goldman: Markets may find comfort in November election delivering a divided government,,Seeking Alpha,Looking for stock market analysis and research with proves results? Zacks.com offers in-depth financial research with over 30years of proven results.,https://finnhub.io/api/news?id=84710b5519f4e56c6a3e071957944c1d147b80363ede78aeec9e2f9ddaa0e276
VOO,Oppenheimer warns against overreacting to strong jobs data,,Seeking Alpha,Looking for stock market analysis and research with proves results? Zacks.com offers in-depth financial research with over 30years of proven results.,https://finnhub.io/api/news?id=ee03ad323f129508393bf0cdb3c2026a67470aa426427f5798dc64c512aed446
VOO,SA Chart: US10Y-US2Y yield curve inverts again,,Seeking Alpha,Looking for stock market analysis and research with proves results? Zacks.com offers in-depth financial research with over 30years of proven results.,https://finnhub.io/api/news?id=7037a1502d6fcb37b7e767929d336227dcb2fd9665ff94ce707fa36d45712617
VOO,November rate cut will be ‘less of a sure thing’ if September CPI print is very strong,,Seeking Alpha,Looking for stock market analysis and research with proves results? Zacks.com offers in-depth financial research with over 30years of proven results.,https://finnhub.io/api/news?id=24db369ff8007239318c5115353f65deb181a34b8e2c11d4c819689ea898e703
VOO,"VOO ETF Update, 10/7/2024???",,TipRanks,Looking for stock market analysis and research with proves results? Zacks.com offers in-depth financial research with over 30years of proven results.,https://finnhub.io/api/news?id=e4c113ab3a6b2367c5b8898105417d369d7e14132558013dfbee555daf11152e
VOO,"Goldman cuts U.S. recession risk to 15% as jobless rate falls, payrolls sharply expand",,Seeking Alpha,Looking for stock market analysis and research with proves results? Zacks.com offers in-depth financial research with over 30years of proven results.,https://finnhub.io/api/news?id=905ca211f8a66c51721b4e154d585f8d290edcec54c49cd90a015b701286bb35
VOO,Pension Funds' Equity Risk,https://static.seekingalpha.com/cdn/s3/uploads/getty_images/1353442449/image_1353442449.jpg?io=getty-c-w1536,SeekingAlpha,Many have been criticizing the poor returns in the San Francisco pension system. Many are wondering why the fund isnât allocating 100% of its assets to the S&P 500. Read more here...,https://finnhub.io/api/news?id=a3d667faf756ab488147a62938a73793ee7a880bbcb44403e55debc752463ec7
VOO,See Which Of The Latest 13F Filers Holds VOO,,Preferred Stock Channel,Looking for stock market analysis and research with proves results? Zacks.com offers in-depth financial research with over 30years of proven results.,https://finnhub.io/api/news?id=c9c73294aeb10ea7830a5906a8483fb7f4459a12a66fc0f340be93fcefde5081
VOO,Weekly Indicators: Positive Tone Continues,https://static.seekingalpha.com/cdn/s3/uploads/getty_images/912018754/image_912018754.jpg?io=getty-c-w1536,SeekingAlpha,Stay ahead of economic trends with weekly high-frequency indicators. Click for a look at the data and where I think it may lead the markets.,https://finnhub.io/api/news?id=f7577f952d103e3bda58eecb561dd6764d1b30234799c493a049daabe0babfd5
VOO,"SPY: Hold On, But Be Prepared To Buy",https://static.seekingalpha.com/cdn/s3/uploads/getty_images/2154439395/image_2154439395.jpg?io=getty-c-w1536,SeekingAlpha,"Read here for an update on the current state of AI bubble fears and S&P 500 valuation, questioning if we are truly in a bubble or not.",https://finnhub.io/api/news?id=5383d37be346e4fdb1d2ad94e6e07aac5f46bb3b39aaf53c1fdb04af8afdae8c
VOO,"September Jobs Report Shows 50 Bps Rate Cut Was Unnecessary, Stagflation On Tap",https://static.seekingalpha.com/cdn/s3/uploads/getty_images/2170770669/image_2170770669.jpg?io=getty-c-w1536,SeekingAlpha,"September job growth exceeding expectations, but concerns about stagflation persist due to the Fed's rate cut and economic instability. Explore more details here.",https://finnhub.io/api/news?id=ded45975962a893299fde6b6a465c33d18fa4eac26972749f8f4b0c80047bc17
VOO,"Positive Labor Market Report, But There Are Risks Ahead",https://static.seekingalpha.com/cdn/s3/uploads/getty_images/172752359/image_172752359.jpg?io=getty-c-w1536,SeekingAlpha,"The September jobs report shows a stronger-than-expected labor market, with unemployment down to 4.1% and non-farm payrolls significantly higher than forecasts. Read more here.",https://finnhub.io/api/news?id=cc61d646da3d94f351df3318dfd52aba73daa7f9baeb2dce7b0006eead7d2a24
VOO,Fed Records 8th Consecutive Quarterly Loss Despite Rate Cut - QT Continues,https://static.seekingalpha.com/cdn/s3/uploads/getty_images/1576826689/image_1576826689.jpg?io=getty-c-w1536,SeekingAlpha,Federal Reserve faces losses due to asset/liability mismatch despite rate cuts. Read my take on the Fed's quantitative tightening policies and their impact.,https://finnhub.io/api/news?id=d0a85412d09fd9ffcf2241f7083ecc4611bdabffd1b7ba6cd6dffce1e7543cf8
VOO,The Yield Curve's 'Infallible' Recession Signal Failed This Time,https://static.seekingalpha.com/cdn/s3/uploads/getty_images/1245530973/image_1245530973.jpg?io=getty-c-w1536,SeekingAlpha,"The 10-year less 3-month curve went negative two years ago this month, spawning analysts to warn that a US recession was lurking. Click to read.",https://finnhub.io/api/news?id=ba1e319df0f688e4fa8a2dc5ffed3236bb9a1b3e268f2770609733910c9a81cc
VOO,"September Jobs Report: Looser Fed Policy, Payrolls Surge",https://static.seekingalpha.com/cdn/s3/uploads/getty_images/2099138803/image_2099138803.jpg?io=getty-c-w1536,SeekingAlpha,"The September jobs report had 254,000 jobs added, unemployment down, wage growth up. Check out on the report and implications for Fed policy and markets.",https://finnhub.io/api/news?id=166bf4b6e80e69f40a4619023be224b95534ccbb3153893860136807098a0d47
VOO,"Notable ETF Inflow Detected - VOO, NVDA, AMZN, TSLA",,ETF Channel,Looking for stock market analysis and research with proves results? Zacks.com offers in-depth financial research with over 30years of proven results.,https://finnhub.io/api/news?id=2b0b5551ee09b18bbd330b8c0f135159dbeb87c6629069003dd7c86ebf0d3194
VOO,Odds of 50bp rate cut in November plunge after strong September payrolls report,,Seeking Alpha,Looking for stock market analysis and research with proves results? Zacks.com offers in-depth financial research with over 30years of proven results.,https://finnhub.io/api/news?id=d08b13f2a36bac825ff83d42954f7a688978ec374a47e6bf2561cc3ef76c40c5
VOO,"Reaction Roundup: SA analysts, experts weigh in on jobs report",,Seeking Alpha,Looking for stock market analysis and research with proves results? Zacks.com offers in-depth financial research with over 30years of proven results.,https://finnhub.io/api/news?id=2f066c8c4fc34ba68c99e5f4e6645d012aa399881a86b6051bae540ddeb4361b
VOO,S&P 500 ekes out weekly gain as blowout jobs report offsets Middle East worries,,Seeking Alpha,Looking for stock market analysis and research with proves results? Zacks.com offers in-depth financial research with over 30years of proven results.,https://finnhub.io/api/news?id=70a050e6405907950bb91c1e3bdb453867eb07402165436cce5d5572ac3f4c45
VOO,"Goldman raises 12-month S&P 500 target to 6,300, lifts 2025 EPS growth view to 11%",,Seeking Alpha,Looking for stock market analysis and research with proves results? Zacks.com offers in-depth financial research with over 30years of proven results.,https://finnhub.io/api/news?id=5d0f2be93a10c16caca69bf641d4963b53b0c7f56e3dca12632deab195fd0c1a
VOO,Odds slashed to zero of 50bp Fed rate cut in November after strong September payrolls,,Seeking Alpha,Looking for stock market analysis and research with proves results? Zacks.com offers in-depth financial research with over 30years of proven results.,https://finnhub.io/api/news?id=a54c8a3b9ca453ad724661945fd55443e7ada83018e62e4d7af905c84aefc2f0
VOO,"Karpus Management, Inc. Reduces Stake in Nuveen New York AMT-Free Quality Municipal Income Fund",,GuruFocus,Looking for stock market analysis and research with proves results? Zacks.com offers in-depth financial research with over 30years of proven results.,https://finnhub.io/api/news?id=83aa64c50bf0e385348c3c161463a993da5c6d9abda6b90c869f517a24f91978
VOO,Global stocks may travel up 6% through 2025 with the U.S. dodging a hard landing: UBS,,Seeking Alpha,Looking for stock market analysis and research with proves results? Zacks.com offers in-depth financial research with over 30years of proven results.,https://finnhub.io/api/news?id=4d75f05357329135df881cd344b61da88e5e8ce1fea6c6caeb49dcf80506a9a4
VOO,Why Gen Z bets big while boomers play it safe: A generational breakdown of market returns,https://s.yimg.com/os/creatr-uploaded-images/2024-08/0b13b710-5e2f-11ef-bbbb-0c28d5e61f4f,Yahoo,JPMorgan Asset Management's Jack Manley outlines the investing differences between each generation. It turns out that each cohort is uniquely shaped by its coming-of-age market experience.,https://finnhub.io/api/news?id=28246c6bc159becda06027409dd892936a8d351bd5de25a635862b895d4a3148
VOO,AAII Sentiment Survey: Optimism Falls,https://static.seekingalpha.com/cdn/s3/uploads/getty_images/182416835/image_182416835.jpg?io=getty-c-w1536,SeekingAlpha,"Market sentiment shifts as bullish sentiment drops, neutral sentiment rises slightly, and bearish sentiment increases. Explore more details here.",https://finnhub.io/api/news?id=232c9308ae9408b4069e2de14674df97996f9887cdfd81057f7c76f4833dabd7
VOO,"Citi weighs in on the outlook for the S&P 500, sees more upside",,Seeking Alpha,Looking for stock market analysis and research with proves results? Zacks.com offers in-depth financial research with over 30years of proven results.,https://finnhub.io/api/news?id=fa2f60fbff40fa7a3b0824f9e00c145922b32e5f7cc1a82875e6c562e1ae91cf
VOO,"Goldman's Rubner says his S&P view of 6,000 may be too low, sees hurdles before a rally",,Seeking Alpha,Looking for stock market analysis and research with proves results? Zacks.com offers in-depth financial research with over 30years of proven results.,https://finnhub.io/api/news?id=ec0521f4a21fac93825fa20f7c5a48e79d61f70acc5a89f1e6e513085fec7c48
VOO,The $50K SPY Options Hedging Strategy,,SeekingAlpha,,https://finnhub.io/api/news?id=14e73d8a3b6cb5a5b13d8b78c4d0d5e2bce4b656cf27e700bd810b24f1dbf620
VOO,Risk is on for Wall Street as money pours into ETFs,,Seeking Alpha,Looking for stock market analysis and research with proves results? Zacks.com offers in-depth financial research with over 30years of proven results.,https://finnhub.io/api/news?id=14c390798c9b573d42a35edff14a6583377596625ee3a3ba21f3b069b52fb518
VOO,"Market breadth remains robust, signaling an upward continuation",,Seeking Alpha,Looking for stock market analysis and research with proves results? Zacks.com offers in-depth financial research with over 30years of proven results.,https://finnhub.io/api/news?id=9ccff934e918d8bd84dca83a8b09af175a34acdb1eb2a6852765ca09aef0a259
VOO,The Big Gamble On Small-Cap Stocks May Be A Horrible Bet,https://static.seekingalpha.com/cdn/s3/uploads/getty_images/6427/image_6427.jpg?io=getty-c-w1536,SeekingAlpha,"Small-cap stocks are struggling with declining earnings estimates and fundamentals, suggesting overvaluation and other risks. Find out more on RTY and IWM.",https://finnhub.io/api/news?id=740df6e8f7d5dddbb6086b69d4f9ecd8be0752a653e6e749d32340e10a3ae871
VOO,Berkshire Hathaway leads the top 10 S&P 500 stocks per SA’s Quant Metrics,,Seeking Alpha,Looking for stock market analysis and research with proves results? Zacks.com offers in-depth financial research with over 30years of proven results.,https://finnhub.io/api/news?id=a5535bae9d2027c14c5e7a84014e588eb28ec8a63fb82a4318a2bb091f28c76d
VOO,"Karpus Management, Inc. Reduces Stake in Nuveen AMT-Free Municipal Income Fund",,GuruFocus,Looking for stock market analysis and research with proves results? Zacks.com offers in-depth financial research with over 30years of proven results.,https://finnhub.io/api/news?id=ea8b88aceb6c109bbdb5ebcd655461a14a6733ca4ac2bea0962da5f9a0eb9921
VOO,ETFs Set Quarterly Inflows Record $280B in Q3,,Yahoo,The industry remains on course to surpass $1 trillion in inflows this year.,https://finnhub.io/api/news?id=cfd9db8a409737ec1a36deb503102029bd81ce27a0ccbc79682a6872eca72bc9
VOO,Here's how AI is set to disrupt healthcare — albeit slowly,https://s.yimg.com/ny/api/res/1.2/6Ru4OvHzRZwlEUjMDgXZyw--/YXBwaWQ9aGlnaGxhbmRlcjt3PTEyMDA7aD03OTQ-/https://s.yimg.com/os/creatr-uploaded-images/2024-10/2d7eaa90-8011-11ef-8e77-fd783744a8d3,Yahoo,"Healthcare and its big web of inefficiencies is thought to be a key arena for AI disruption. But investors might have to be very, very patient.",https://finnhub.io/api/news?id=941890180cef2beac89c8c33ce307a63d258d4ca00ee45137dead1e90edcc7ca
VOO,SPY: Not A Good Time To Increase Market Exposure,,SeekingAlpha,,https://finnhub.io/api/news?id=d38b2f87ffd1999eb44bb50d5d6e67e5bb7573133c3e421516659ea4f5111eef
VOO,Top 10 S&P 500 stock performers of Q3,,Seeking Alpha,Looking for stock market analysis and research with proves results? Zacks.com offers in-depth financial research with over 30years of proven results.,https://finnhub.io/api/news?id=7eada88f1c1010b7368724c760927899b4effda8b227d3953d243cb628d29f82
VOO,SA Chart: Which S&P 500 sectors performed best in September?,,Seeking Alpha,Looking for stock market analysis and research with proves results? Zacks.com offers in-depth financial research with over 30years of proven results.,https://finnhub.io/api/news?id=070ad736ff27d01e221641e007a44400929ba57e3532d857c636fc1927a535df
VOO,"VOO ETF Update, 10/2/2024???",,TipRanks,Looking for stock market analysis and research with proves results? Zacks.com offers in-depth financial research with over 30years of proven results.,https://finnhub.io/api/news?id=d9b36600676de7858994fb5ff60b7778f3abc2d12be6e5c1634a75aff9fe3832
VOO,SCHD: Why It Should Be Considered By Retirement Income Investors,https://static.seekingalpha.com/cdn/s3/uploads/getty_images/1882841644/image_1882841644.jpg?io=getty-c-w1536,SeekingAlpha,"Discover why SCHD is a valuable addition to retirement income portfolios, providing potential for high total returns in the future.",https://finnhub.io/api/news?id=ec623c629807aa820795d6b5b6eb3491bbf9d1d598293811a9632de3e792f12a
VOO,SP500: The Q3 Topping Process Could Turn Into The Q4 Bubble Burst,https://static.seekingalpha.com/cdn/s3/uploads/getty_images/2154390775/image_2154390775.jpg?io=getty-c-w1536,SeekingAlpha,"The S&P 500 finished Q3 higher, but with a sharply rising VIX index, suggesting that a downturn could be imminent. Read what investors need to know.",https://finnhub.io/api/news?id=2502a4a08d4ce3f5ab1401d8fe0a3d4f8c22ba6ff3255bcb6645c4c870c719b7
VOO,"Stocks Shrug Off Bearish September Trends, Near All-Time Highs",https://static.seekingalpha.com/cdn/s3/uploads/getty_images/668600179/image_668600179.jpg?io=getty-c-w1536,SeekingAlpha,"Despite a weakening labor market, consumer spending remains strong, and the Fed is expected to continue easing rates. Explore more details here.",https://finnhub.io/api/news?id=29cf351038ba97bc2f0ddd5f675bd090591f5d272323c9d687720084ed406351
VOO,Direct Indexing: What Is It and Who Should Invest?,,Yahoo,Learn how direct indexing works and how investors and advisors can test the DI strategy on etf.com.,https://finnhub.io/api/news?id=b541e4f27d372131ef36eb0ccd7af462d5be6da355950a43e025222ada25d8e7
VOO,"S&P 500 ETF Titans Drive $691B In 2024 Inflows: Nasdaq, Bitcoin ETFs Close Behind",,Benzinga,Looking for stock market analysis and research with proves results? Zacks.com offers in-depth financial research with over 30years of proven results.,https://finnhub.io/api/news?id=48fe16f891d8d7744b75dda0cbf60047488443f92fdf24af77d77541a1c3ba77
VOO,Equal Weight ETFs Record Over $2B in September Inflows,,Yahoo,ISPE and XDEW remain investor favorites.,https://finnhub.io/api/news?id=4c3d77d203fde5f974af7435238373eaf7a487aa62b3b6970692eaea98396fb3
VOO,I Share Jamie Dimon's Pessimism Around A 'Soft Landing',https://static.seekingalpha.com/cdn/s3/uploads/getty_images/483661187/image_483661187.jpg?io=getty-c-w1536,SeekingAlpha,The market navigated a couple of hiccups at the start of Aug. and Sept. Read why a soft landing is less likely to occur than the current market is pricing in.,https://finnhub.io/api/news?id=df3f6274faeca4d1e57f3b4049dcd1d03d0574b249df860ca3762b4188a2be8c
VOO,Stocks have a ‘running start’ into Q4 after a September win,,Seeking Alpha,Looking for stock market analysis and research with proves results? Zacks.com offers in-depth financial research with over 30years of proven results.,https://finnhub.io/api/news?id=c63f20fde35b3f289f31bc45bebca574fab4a045f876a4218a2f4dbe846f8b2a
VOO,"Economic growth, interest rates to dictate quality factor in stocks, Goldman says",,Seeking Alpha,Looking for stock market analysis and research with proves results? Zacks.com offers in-depth financial research with over 30years of proven results.,https://finnhub.io/api/news?id=6b6097f692639edc03ddb0e2fdb733a4e482f081c9e5e5ff04a0d10c7be4d101
VOO,Weekly Indicators: More Slow Improvement In Long Leading Indicators,https://static.seekingalpha.com/cdn/s3/uploads/getty_images/171324885/image_171324885.jpg?io=getty-c-w1536,SeekingAlpha,"Stay ahead of the game with weekly high-frequency indicators for timely economic insights. We examine long-term, short-term & current conditions, click for details.",https://finnhub.io/api/news?id=902cb03478a9b8f7d927d861a219c303291c95b8c5d036ebfbfec36136d6637e
VOO,"What Is A Recession, And How Does It Affect The Economy?",https://static.seekingalpha.com/cdn/s3/uploads/getty_images/1795488052/image_1795488052.jpg?io=getty-c-w1536,SeekingAlpha,A recession is a significant decline in economic activity that lasts for an extended period and may include drops in GDP and employment.,https://finnhub.io/api/news?id=dd5d1d3f2e65a5e7e5ffb2aa355253951323d45792de3f6edd354d124ef20bff
VOO,Stocks: Are You Missing The Big Picture?,,TalkMarkets,Looking for stock market analysis and research with proves results? Zacks.com offers in-depth financial research with over 30years of proven results.,https://finnhub.io/api/news?id=02166d05ed597d570140be5d37e97853659833d305bc6ffb243a739975c9f39a
VOO,S&P 500 Snapshot: Market Extends Record Rally,https://static.seekingalpha.com/cdn/s3/uploads/getty_images/175599141/image_175599141.jpg?io=getty-c-w1536,SeekingAlpha,"The S&P 500 finished the week ending September 27, up 0.62% from last Friday. The index is currently 0.13% off its record close from September 26th, 2024 and is now up 20.99% year-to-date.",https://finnhub.io/api/news?id=4ee95a2ada5b4c11b51bdf242edf6f4f0f6be12b3f60ac0c2890124f08a184e6
VOO,"U.S. ETFs Hit $10T in Assets on Market Gains, Inflows",,Yahoo,Bloomberg reported that the milestone was reached 14 years after industry assets hit $1 trillion.,https://finnhub.io/api/news?id=e6f80833c1acb5c4dbaf9a60c076748c62b81fc9543110fb8d5b574f8a684650
VOO,"Thoughts On Inflation, Oil, And P/E Ratios",https://static.seekingalpha.com/cdn/s3/uploads/getty_images/1446675781/image_1446675781.jpg?io=getty-c-w1536,SeekingAlpha,"Inflation is primarily driven by oil prices, with recent spikes due to the pandemic and Russia's invasion of Ukraine. Explore more details here.",https://finnhub.io/api/news?id=d7f5a612c0fe028a44c6b16ffb95e4fbf678123c167e14094117da70b1588f62
VOO,Why Berkshire Hathaway Belongs In Your Dividend Portfolio Despite No Payout,https://media.gettyimages.com/id/1073301946/de/foto/alte-stra%C3%9Fe-historische-garden-district-in-louisiana-ber%C3%BChmte-stadt-stadt-b%C3%BCrgersteig.jpg?b=1&s=612x612&w=0&k=20&c=BtbYQsQYQ6o2GLSW4TzRZC1Zuo6Fn-iISkSXP59kfsE=,SeekingAlpha,Berkshire Hathaway has a broad portfolio of financially healthy companies. Read why BRK.A is an attractive addition to The Dividend Income Accelerator Portfolio.,https://finnhub.io/api/news?id=e76306bb6d2120721e5aacbce7f13a4afae784ba46aa884841e97209587ea138
VOO,The Second Leg Of The Yen Carry Trade Unwind May Have Just Started,https://static.seekingalpha.com/cdn/s3/uploads/getty_images/109835538/image_109835538.jpg?io=getty-c-w1536,SeekingAlpha,"Global markets brace for impact as Ishiba's election as Japan's PM strengthens yen, accelerates carry trade unwind and rate normalization. Click for more.",https://finnhub.io/api/news?id=3147258e8286ed4de3abf584efe60569b010cf428a8de55ee1240f6a7ccfa69a
